board,category,title
Boy-Girl,討論,有因為伴侶而養成什麼習慣？
Boy-Girl,新聞,嘉義台南公務員未婚聯誼 鹽場闖關有緣擦
Boy-Girl,討論,有求偶焦慮的都是處男吧
Boy-Girl,求助,約會幾次後對方說不適合但可當朋友
Boy-Girl,閒聊,台男在世界各地臭台灣女生？
Boy-Girl,討論,有被迫跟討厭的異性相處的經驗嗎?
Boy-Girl,討論,現在男女的愛情是博奕嗎??
Boy-Girl,新聞,愛情來了！屏東單身聯誼男生只要20人 報
Boy-Girl,討論,台北市有房男會+分嗎
Boy-Girl,求助,我跟男友求婚被拒
Boy-Girl,討論,如何順利從認識到銅婚啊?
Boy-Girl,分享,愛的貓語72｜相思病
Boy-Girl,心情,才發現那愛笑的眼睛流過淚
Boy-Girl,分享,分手才發現女友是迴避型
Boy-Girl,討論,母胎單身的原因
Boy-Girl,新聞,2025北市大安區單身聯誼活動 情歌悠揚花
Boy-Girl,求助,朋友這樣算是被綠嗎
Boy-Girl,求助,有點複雜的朋友關係
Boy-Girl,板務,是否執行2025年首次大執法?
Boy-Girl,討論,現在還有一定要生兒子的傳統思想嗎
Boy-Girl,討論,沒送女友想要的手機就不爽該怎辦？
Boy-Girl,閒聊,越南妻子離婚議題-實例探討
Boy-Girl,求助,去夜店跟酒吧找對象合適嗎？
Boy-Girl,閒聊,教把妹的youtuber會不會很慘
Boy-Girl,閒聊,說實在男生沒交女朋友也可以過很好吧
Boy-Girl,討論,媽媽聽到這種話  會有多心酸啊...
Boy-Girl,討論,為什麼現在男生不願意花很多時間追女生？
Boy-Girl,討論,為什麼現在男生不願意花很多時間追女
Boy-Girl,分享,愛情的蛋黃酥模型
Boy-Girl,討論,想問大家聽過哪些假掰的話
Boy-Girl,討論,年輕正妹未來只會越來越值錢？
Military,情報,烏克蘭-俄羅斯大規模空襲對攻
Military,情報,庫斯克行動：烏軍持續在別爾哥羅德行動
Military,情報,烏俄戰爭-isw 能源打擊停火尚未生效
Military,情報,烏俄戰爭-戰線情報（20250320）
Military,情報,烏俄戰爭-談判情報（20250320）
Military,情報,紹伊古點出烏克蘭憲法是和平的阻礙
Military,情報,美特使表示雖然烏被攻擊但相信普丁真誠
Military,情報,俄輿論慶祝普丁的談判勝利
Military,新聞,俄軍機飛入韓領空 韓政府召駐韓軍官抗議
Military,分享,馬斯克將聽取美國對中戰爭機密簡報
Military,分享,國軍待遇加給調整方案 四月一日實施
Military,情報,庫斯克蘇賈天然氣計量站發生爆炸
Military,情報,烏軍官方殲敵統計&情報數則 (25/3/20)
Military,新聞,烏克蘭準備改革募兵 以吸引18~25歲年輕
Military,分享,美軍用m2 bradley測試一種特殊飛彈
Military,新聞,馬文君追潛艦國造進度 顧立雄認了「預算
Military,新聞,美國防部否認f-35有「緊急開關」
Military,情報,丹麥國會議員回應f-35開關疑慮
Military,分享,數據分析俄羅斯在烏克蘭的作戰效能
Military,新聞,美國將取消強化駐日美軍態勢計畫
Military,情報,美國國會兩院軍委會聯名反對川普擅改軍制
Military,提問,除了林口頂福還有其他一般人能去的靶場？
Military,提問,台灣真的做好備戰準備了嗎？
Military,新聞,台灣到底需要哪一款戰機？ 施孝瑋提到「
Military,新聞,光纖無人機扭轉戰局 俄軍在庫斯克大捷
Military,情報,川普:與俄交好可導致中俄疏離
Military,情報,歐盟軍援400億計畫遭阻饒 剩下50億
Military,新聞,白宮情報來源顯示烏克蘭軍隊在庫斯克未被包圍過
Military,情報,下一輪烏俄停火談判將討論技術層面
Military,情報,白宮表示礦產協議已是過去 重點關注停火
Military,分享,國軍f-16掛載an/ale-50 拖曳誘餌系統
Military,情報,歐盟推動軍援烏克蘭額外400億歐元困難
Military,情報,川普對伊朗發出通牒，限期兩個月內談判
Military,情報,川普稱烏克蘭發電廠送美國就不會被打
Military,情報,俄國聲稱美俄總統通話後已停止空襲
Military,情報,川普承諾提供更多防空系統給烏克蘭
Military,情報,澤倫斯基澄清川普描述的僅限紮州核電廠
Military,,美國陸軍特種作戰司令部2025年度戰力展示預告片
Military,分享,專家討論烏克蘭戰場上的無人機運用
Military,分享,美軍戰機成功以雷射導引火箭擊落無人機
Military,情報,烏軍fpv大規模襲擊克里米亞防空雷達
Military,情報,夠了！胡賽，這根本不算是一場戰鬥
Military,情報,歐盟將美英土耳其排除重整軍備基金之外
Military,情報,德國批准向烏克蘭額外提供30億歐元援助
Military,情報,歐洲想吸引被川普裁掉的美國科學家
Military,分享,烏克蘭新兵訓練改革
Military,情報,恩格斯空軍基地冒出蘑菇雲
Military,新聞,共軍軍演若達一定強度 國軍將實施備戰
Military,新聞,國安危機！國防大學教授葛明德涉私開公司
Military,新聞,美國抓獲向韓國洩密核反應堆設計之人員
Military,情報,網路上流傳的gdls台灣m41升級方案
Military,情報,普丁拒絕無條件停火 願暫停打擊能源設施
Military,情報,司機預期普丁將發動大規模攻勢
Military,情報,烏克蘭將制定一份「不得攻擊設施」清單
Military,新聞,全球最強軍用無人機在：烏克蘭！產能比
Military,新聞,快訊／賴清德宣布「恢復軍事審判」　軍法
Military,情報,小川普、卡爾森與司機競爭對手秘密談判
Military,情報,庫斯克行動（20250319）
Military,情報,烏俄戰爭-isw 普丁迫使川普讓步
Military,情報,烏俄戰爭-戰線情報（20250319）
Military,情報,烏俄戰爭-俄國同意暫停攻擊能源設施30天
Military,情報,英國特種部隊待命，可能被派往烏克蘭
Military,分享,烏克蘭情報局長從戰爭中得到的三點教訓
Military,情報,美國考慮放棄北約歐洲盟軍最高司令部職責
Military,情報,2025 年春季烏克蘭戰術局勢分析
Military,情報,歐盟和英國試圖加快運送武器速度
Military,分享,川普：剛剛與與司機進行非常好的通話
Military,情報,"澤連司基:等川普來電,願意能源設施停火"
Military,情報,胡塞武裝不會在美國或伊朗呼籲下「停火」
Military,情報,胡賽武裝重啟對以色列發射飛彈
Military,情報,烏軍攻擊俄國別爾哥羅德州
Military,情報,普丁適度讓步 川普稱烏克蘭和平有進展
Military,情報,51.7%國人不相信美國會在中國入侵時派兵
Military,分享,以色列對加薩空襲可能已造成400多人死亡
Military,情報,五角大廈對 dei 影像內容展開大清洗
Military,情報,美軍持續空襲葉門 胡賽宣稱擊退航母
Military,情報,美國宣布在3月23日進行新一輪談判
Military,情報,烏軍官方殲敵統計&情報數則 (25/3/19)
Military,情報,歐盟永遠不會承認俄非法吞併領土
Military,新聞,美國務院重批共軍在台海戰備警巡不負責
Military,情報,美國希望歐洲協助解除對俄制裁
Military,分享,中科院巡飛彈正式命名「勁蜂一型」無人機
Military,新聞,國軍加薪要來了！顧立雄曝
Military,分享,分析：川普與普丁討論烏克蘭將失去什麼
Military,情報,美國兩黨與獨立人士對政府的烏克蘭政策分歧加重
Military,情報,德國聯邦議會批准解除軍費上限修憲案
Military,情報,前官員：川普被普丁當面嘲弄而沒有察覺
hatepolitics,討論,藍白再全面否決大法官會怎樣？
hatepolitics,新聞,柯文哲延押庭曝血尿！昨半夜痛醒 陳佩琪
hatepolitics,新聞,總統府公布大法官提名名單
hatepolitics,討論,墨西哥毒梟 vs 台中市
hatepolitics,討論,推動「吃健康食物促進身體健康公投」
hatepolitics,黑特,柯文哲真的是見小利而忘命
hatepolitics,新聞,比利時國會通過挺台決議 譴責中國密集軍
hatepolitics,討論,國民黨反戒嚴公投主文出來了
hatepolitics,討論,國民黨的二個公投主文
hatepolitics,討論,綠粉覺得中國打過來 能撐多久?
hatepolitics,討論,最近怎麼郭董新聞開始浮出來了
hatepolitics,轉錄,黃暐瀚fb 暴力威脅，不是民主
hatepolitics,黑特,事情嚴重性跟藍白為何這麼做
hatepolitics,討論,去年總預算和今年總預算結構差在哪裡?
hatepolitics,討論,文哲要怎麼渡過剩下28年牢獄
hatepolitics,討論,昨天為什麼沒幾個小草去聲援？
hatepolitics,討論,政黑板友希望柯文哲牢底坐穿 不要出來？
hatepolitics,討論,中國攻台大概率先打南部
hatepolitics,討論,國民黨主文寫這樣，要投同意吧？
hatepolitics,討論,藍白把中國叫對岸，矮化台灣?
hatepolitics,黑特,震撼！太離譜了！立法院已嚴重遭受滲透！
hatepolitics,討論,2024各年齡層投票率
hatepolitics,討論,現在還相信，力挺林俊言的是什麼人?
hatepolitics,討論,小平叔要不要去告發 黃呂??
hatepolitics,新聞,仇恨值共享？罷不到外縣市藍委 新北市民
hatepolitics,討論,凌虐不會造成傷害 要怎麼洗白??
hatepolitics,討論,謝謝民進黨，讓排骨飯又要漲價了
hatepolitics,討論,如果賴神轉彎改用核電要怎護航？
hatepolitics,新聞,柯文哲開庭金句!教訓檢方「會通靈」:被關7
hatepolitics,討論,吳宗憲：大法官侵害立法權
hatepolitics,討論,小草想取暖結果凍死同溫層
hatepolitics,討論,台電為什麼會虧損那麼多，錢都跑去哪？
hatepolitics,討論,謝謝民進黨讓電費漲
hatepolitics,討論,國民黨反戒嚴公投主文－法盲寫的。
hatepolitics,新聞,廖偉翔欲爭取經費改善校園人行空間　劉世
hatepolitics,新聞,罷免綠委王美惠1階提議補件今最後期限
hatepolitics,討論,柯文哲應該穩了
hatepolitics,討論,只要是黨就無條件支持？
hatepolitics,新聞,罷免王鴻薇超猛！2階開跑8天連署破萬 現
hatepolitics,新聞,北市府要求罷免連署須「申請集會遊行」
hatepolitics,新聞,顧立雄證實 海鯤號預算一毛未刪
hatepolitics,討論,台灣政壇假學歷的鼻祖
hatepolitics,討論,阿北被民進黨嚇到杯弓蛇影草木皆兵
hatepolitics,討論,唉... 四月電價可能漲8%
hatepolitics,討論,為何pg、何瑞英笑得這麼開心？
hatepolitics,討論,比起八炯 我更喜歡四叉貓
hatepolitics,討論,大逆轉！黃國昌震撼宣布！全場熱血沸騰！
hatepolitics,討論,請大家看電視，少看youtube
hatepolitics,黑特,花蓮議員突襲檢查花蓮縣政府台北聯絡處
hatepolitics,新聞,柯文哲淚灑法庭 斥檢方不要臉
hatepolitics,討論,小草的平行世界之電子腳鐐
hatepolitics,新聞,柯文哲紙條下令「橘子」出國？　律師曝她
hatepolitics,討論,柯文哲是第一個上法庭這麼嗆的？
hatepolitics,討論,徐巧芯這區 派黃國昌頂
hatepolitics,討論,柯家人燦笑揮著手走出北院
hatepolitics,討論,北檢：捐到台灣民眾黨的錢等於給柯文哲
hatepolitics,新聞,在野提二公投 李進勇:沒有的政策要求不要
hatepolitics,討論,柯文哲根本基努李維
hatepolitics,黑特,台塑仁武廠爆炸死訊藏6天！員工怒
hatepolitics,新聞,賴清德宣布 準備擴大對美採購
hatepolitics,黑特,沈伯洋:凌虐不一定會造成傷害
hatepolitics,討論,台灣的醫療與健保也太棒了吧！
hatepolitics,轉錄,侯漢廷：已向監院檢舉賴違反政治
hatepolitics,黑特,活佛轉世要遵守中國法律？
hatepolitics,討論,羅智強的反罷免傳單被大安區民眾吐槽
hatepolitics,討論,小草的平行世界
hatepolitics,新聞,罷免名冊涉偽造文書 檢方當庭逮捕藍營台
hatepolitics,新聞,台中男酒後闖民宅叫囂！屋主友一刀捅胸
hatepolitics,討論,藍罷免 搞到自己被收押。到底有多廢？
hatepolitics,討論,『禁語』技能目前有哪些？
hatepolitics,討論,司法不公，難怪老一輩都恨國民黨！
hatepolitics,舊聞,藍立委提醒：罷免案如涉偽造文書罪刑事追
baseball,新聞,直球均速143公里 勝騎士刻意多投「稀有球
baseball,新聞,mlb》天堂與地獄的3.2局！千賀滉大猛飆
baseball,分享,juan soto的弟弟在對上大都會的比賽登場
baseball,新聞,mlb天使教頭整頓球隊文化 下令休息室禁
baseball,分享,今日 will warren/ 菅野智之
baseball,新聞,絕非天使隊獨有 中職球員進球場禁用手機
baseball,分享,今日千賀滉大、小笠原慎之介
baseball,分享,2025 rakuten monkeys 賽事贈品報猴哩哉
baseball,新聞,mlb》台美混血好手費爾柴德吞3k 連3場無
baseball,分享,paul skenes的簽名卡價值比他的薪水高
baseball,新聞,spc-mlb》東京賽超吸金！週邊商品與球員
baseball,新聞,介紹東蛋美食挨批「沒禮貌」遭炎上 美媒
baseball,情報,2025mlb例行賽各隊開幕戰先發投手
baseball,分享,林哲瑄 三球就遭盧孟揚三振解決 場邊兄
baseball,整理,轉播時間 + 季前熱身賽
baseball,分享,cpbl熱身賽　 轉播平台／賽程表
baseball,live,2025春季甲子園 第4日
baseball,分享,宮城大彌給山本由伸的特別訊息
baseball,新聞,「以前是上丘才做暗號現在是上丘就set」
baseball,新聞,按pitchcom缺少眼神、肢體動作交流 陳重
baseball,情報,藍鳥總裁：我認為將要延長vladdy的合約
baseball,新聞,mlb》「米飯哥」成洋基春訓全壘打王！ mvp新隊友絕讚：超猛
baseball,新聞,mlb》紅襪殺出血路成功搶下布萊格曼　他透露：一直以為要去
baseball,分享,狂威(dylan covey)被勇士下放小聯盟訓練營
baseball,新聞,費仔、卡仔若加入中華隊！大聯盟記者：會
baseball,新聞,洛杉磯道奇隊的大谷翔平選手將以1/6比例
baseball,情報,jose trevino延長合約 3y/接近$15m
baseball,情報,alex verdugo到勇士1年1.5m
baseball,新聞,張育成全新角色 率富邦突破僵局
baseball,分享,分享東森洋片台2025mlb轉播表
baseball,新聞,預祝林智勝引退達標　林智平快滿40歲：再拿一次總冠軍
baseball,分享,馬林魚恐再次因為不花錢被球員工會申訴
baseball,新聞,wcy-貝茲身體不適體重驟降原因不明？教
baseball,新聞,中職》看到張士綸狀況 平野惠一瞬間就知
baseball,新聞,wcy-大谷翔平曬開幕戰驚喜！ 真美子精心
baseball,情報,古林將朝向四月分一軍首次先發調整
baseball,炸裂,詹子賢
baseball,情報,熱身賽大巨蛋場次攤商/安檢/贈品資訊
baseball,分享,今日胡智爲
baseball,新聞,mlb》投球機制出問題導致球速下滑 「地表最強投」不擔心
baseball,新聞,mlb(影)／退休巨砲「小王子」有子繼承衣缽　兒子在釀酒人小
baseball,新聞,mlb(影)／洋基37歲老將先發投手春訓表現優異　入選新賽季輪
baseball,炸裂,王政順
baseball,情報,張士綸傷退
baseball,新聞,「億元男」陳子豪復出先發2棒守外野 轉
baseball,分享,今日林哲瑄
baseball,分享,今日 孫易磊
baseball,新聞,張士綸撲壘受傷被抬下場　兄弟球團回報
baseball,新聞,陳金鋒、林智勝、詹子賢母校 善化國小棒球場將投入1716萬元
baseball,專欄,中職明星游擊手馬傑森：從花蓮小鎮踏上
baseball,分享,今日cpbl兩地人數 官辦熱身賽d9
baseball,分享,羅德隊 大谷輝龍接受tommy john手術
baseball,分享,今日范國宸
baseball,新聞,擔心張士綸右肩脫臼 平野惠一看勝騎士：
baseball,新聞,首披黃衫登板2.2局丟4分　勝騎士練變速球
baseball,情報,水手隊本季球衣
baseball,情報,樂天桃猿主場開幕戰賽前新女孩拍照見面會
baseball,新聞,吳哲源「差不多回復6成」 明天投live bp
baseball,討論,布雷克的年資
baseball,live,cpbl熱身賽#16 味全 vs 統一 @斗六
baseball,live,cpbl熱身賽#17 富邦 vs 中信兄弟 @洲際
baseball,新聞,富邦悍將4大土投傷兵 王尉永的狀況最「
baseball,新聞,潘志芳、黃稚峰輪流測試三壘指 平野惠一
baseball,討論,有發生過球迷舉牌要球員滾蛋的事情嗎
baseball,新聞,江少慶「往好的方向走」 王尉永復健進度
baseball,新聞,外界普遍看好兄弟 平野惠一的表情好誇張
baseball,新聞,目標至少季後賽　張育成學習當富邦隊長
baseball,新聞,中信兄弟被看好連霸　平野惠一說實話：6
baseball,新聞,勝騎士披黃衫官辦熱身賽首度亮相　投2.2
baseball,分享,台鋼雄鷹開季商品
baseball,新聞,mlb》近況火燙！台美混血球星卡洛爾連4場
baseball,新聞,本土先發人選不擔心 林岳平點名高塩將樹
baseball,新聞,新球隊！山羊兄弟成軍 周思齊領軍瞄準世
baseball,新聞,三壘指導不好站　林琨笙樂於挑戰：成敗
baseball,新聞,台中棒球教練涉性侵學童 家長淚訴「婦幼
baseball,新聞,"occ-mlb》有""當投手最後機會""的覺悟 大谷"
baseball,分享,大谷效應 日本國中小男生最想當棒球選手
baseball,情報,台鋼雄鷹 x 大港開唱套票～來囉！
baseball,新聞,mlb海外賽》兩戰共吸引84732名的觀眾進
baseball,新聞,spc-東京賽》大谷翔平熱潮太狂！2500萬
baseball,新聞,「我打不贏張正偉」 張志豪透露轉型重砲
baseball,情報,台鋼雄鷹：車掃x開幕戰前夜造勢活動
baseball,討論,明年能中斷經典賽被首場魯閣的紀錄嗎
baseball,討論,鋼龍有機會待到具本土資格嗎？
baseball,新聞,台鋼雄鷹》偏好「日援」!新球季有日本經
baseball,新聞,ubl》開tj手術空白15個月復出飆142公里
baseball,新聞,熱身賽本週六、日在台北大巨蛋　2戰已售
baseball,新聞,王正棠肩膀不舒服開季有點趕　張進德準
baseball,分享,暖心歐牛王牌! 招待沖繩孩子去東京看mlb
baseball,新聞,兄弟悲報!徐基麟開tj手術本季恐報銷
baseball,分享,大谷昨天的全壘打疑似打到巨蛋天花板
baseball,分享,大谷翔平本年贊助收入達一億美金
baseball,分享,陳偉殷 引退儀式官方紀念影片
baseball,新聞,道奇主帥評價佐佐木朗希初登板 天賦高、
baseball,新聞,接到大谷練習球和首轟球　10歲球迷獲傳家
c_chat,母雞,當初輝夜這樣演是不是也解套了？
c_chat,母雞,是說「豐川家」的人是不是講話都...
c_chat,馬娘,最討厭的抽卡演出
c_chat,閒聊,哪些台灣工商適合贊助播出母雞卡？☎☎☎
c_chat,問題,有人能搞清楚數碼寶貝01-02的故事線嗎？
c_chat,情報,買 switch 2 理由再+1！傳任天堂一招讓
c_chat,母雞,有人能解析一下「若葉睦」這個人格嗎？
c_chat,閒聊,祥總接管集團後 會簽下mygo嗎
c_chat,閒聊,東離劍遊記 第二季~最終章 淺心得
c_chat,情報,怎麼可能成為妳的戀人 今晚7點pv公開
c_chat,母雞,為什麼大家突然開始用包餃子這個詞
c_chat,母雞,一個分鏡卻能敘述三角關係
c_chat,閒聊,少前2 416這角色做壞了吧= =?
c_chat,情報,shoei z8安全帽鋼彈 初音聯名
c_chat,間諜,放閃的佛傑夫婦
c_chat,母雞,搞外遇的立希
c_chat,閒聊,刺無刺有 前進美國anime expo 2025
c_chat,討論,最喜歡的裙子長度是多長
c_chat,閒聊,12集播完燈是不是最大受害者
c_chat,25冬,冬番各作品首播時間
c_chat,情報,41屆小天使招考（3/10～3/19）發錢
c_chat,閒聊,碧藍航線修女穿這麼少是可以的嗎？
c_chat,閒聊,ai眼中的魔女宅急便
c_chat,閒聊,歡迎來到豊橋
c_chat,討論,日本計程車可以臨停公車站嗎
c_chat,問題,現在電腦還需要裝搖桿驅動程式嗎= =
c_chat,閒聊,廣告中出現的小遊戲
c_chat,討論,立希跟愛音交情是不是很好？
c_chat,馬娘,訓練師原來這麼弱的嗎...
c_chat,問題,看漫畫看到很生氣怎麼辦 （有雷）
c_chat,討論,都市天際線2計程車併排臨停下客
c_chat,芙莉,葬送的芙莉蓮馬拉松 第100輪開始
c_chat,閒聊,figure 泰莎 裸腿兔女郎ver.
c_chat,閒聊,山梨縣是等於台灣的桃園嗎?
c_chat,母雞,燈現在在想什麼？
c_chat,母雞,祥子現在晚上睡覺是不是要注意
c_chat,母雞,忘了吧 就這樣忘了吧
c_chat,少女歌劇,大場なな 1/7 pvc  販賣決定！
c_chat,新聞,警查扣近百萬套未授權遊戲 侵權市值高達8
c_chat,討論,都市天際線2沒有內建路口退縮
c_chat,vtub,3/20同接鬥蟲
c_chat,情報,d.c. 初音島 重製 聲優全換
c_chat,情報,劇場版「進擊的巨人」完結篇3/22上架
c_chat,閒聊,異世界悠閒農家web #911 五村就業介紹所
c_chat,問題,mhws 太刀沒氣時遇到鎖刃奪命3連怎辦??
c_chat,母雞,祥子的腳難道不會臭嗎？
c_chat,閒聊,戰女新合作
c_chat,討論,kson組長 gunpla組裝 20250321
c_chat,vtub,neo-porte 緋月ゆい 絕區零
c_chat,vtub,zeta三周年新衣
c_chat,母雞,所以初華為什麼要送飲料？
c_chat,母雞,xx會不會是邦邦下一團成員
c_chat,軌跡,falcom社長:保證讓玩家滿意結束共和國篇
c_chat,絕區,為什麼男主可以跟耀嘉音約會??
c_chat,母雞,所以燈寶最後cp是誰贏了？
c_chat,巫術,辟邪除妖va 一點活動心得
c_chat,閒聊,刺客教條奧德賽20小時小心得
c_chat,母雞,oo是不是邦邦涼宮春日
c_chat,母雞,祥子的中二程度是邦邦之最嗎？
c_chat,母雞,現在回頭看第10集 祥總的便秘臉
c_chat,閒聊,荒野還會出現第三王女嗎?
c_chat,閒聊,刺客教條：暗影者 目前steam極度好評...
c_chat,閒聊,沒看很多電影怎看「終之退魔師」
c_chat,閒聊,卡普空yt：洛克人美國版動畫宣傳影片
c_chat,gkms,保底日常
c_chat,fate,"朋友:聖杯戰爭沒有絕對的好人壞人,怎反駁?"
c_chat,閒聊,石兵八陣會如何呈現
c_chat,母雞,興業銀行寰宇人生卡
c_chat,閒聊,漢堡加酸黃瓜是不是蠻噁心的
c_chat,母雞,ave mujica 12感想 霸道祥總滿分
c_chat,母雞,最後一集初華會跟燈寶大和解嗎？
c_chat,閒聊,無敵少俠的媽媽也太堅強了吧
c_chat,情報,遊戲王rd 儀式召喚
c_chat,情報,日本環球影城x藥師少女的獨語 合作
c_chat,閒聊,母雞卡是第一個這樣操作的嗎? (雷)
c_chat,奶子,襪幹
c_chat,,［刺客］刺客系列最喜歡的正攻武器是啥？
c_chat,figure,戀上換裝娃娃 可愛女僕 ver
c_chat,閒聊,☺  佐助舉起手被大蛇丸阻止是要用哪招？
c_chat,母雞,綾奈ゆにこ推特最新貼文
c_chat,,水野朔：可怕吧   我的戰績
c_chat,阿北,立希這時候在想什麼?
c_chat,閒聊,小少爺與獸耳女僕
c_chat,母雞,看到祥子振作，不是應該要高興嗎
c_chat,閒聊,當初看到宇宙大燒賣有多震撼?
c_chat,母雞,大家對 燈祥線 收的滿意嗎?
c_chat,問題,現在大家比較喜歡哪種祥子
c_chat,母雞,初華賺爛了吧？
c_chat,閒聊,吉伊卡哇島篇劇場版能熱賣嗎
c_chat,閒聊,魯蛋玩暗影者玩到崩潰了
c_chat,情報,(烏龍 已解決)ff14 the primals 巡迴演唱會8月來台
c_chat,荒野,拿塔鎖刃龍
c_chat,情報,優米雅的鍊金工房』泳裝實裝畫面分享
c_chat,vtub,貓背羽衣
stock,新聞,輝達gtc大會量子日 黃仁勳：量子運算深具
stock,新聞,美股反覆低收 中概股指數跌近4%
stock,標的,5530 龍巖 地藏王+土地公
stock,新聞,黃仁勳：未獲邀收購英特爾、已託台積電
stock,標的,長虹5534 二十一張更新未實現獲利
stock,新聞,輝達發布 cpo 交換器 高盛看好聯亞及全新
stock,請益,質押利率6.45%
stock,標的,1301 台塑四寶
stock,閒聊,2025/03/21 盤中閒聊
stock,新聞,賴清德：擴大對美採購 除了台積電 後續會
stock,新聞,總統：台積電以外產業亦將東拓
stock,情報,0320 上市櫃股票週轉率排行
stock,新聞,雲豹多路並進 推升獲利
stock,請益,0050打算轉存定期不定額
stock,請益,跟銀行端買股票的多嗎
stock,新聞,英偉達執行長表示將斥資數千億美元興建
stock,新聞,骯髒15國之最？外媒揭：台灣對美貿易順差
stock,標的,2316楠梓電 錢有匯回來多
stock,新聞,電視面板價格漲勢收斂，第二季需求下滑
stock,新聞,"大摩：聯發科目標價1,888元"
stock,新聞,今日漲停卻被潑冷水？謝金河指「這產業」
stock,請益,可拉回查詢最久最多分k跟ma的免費電腦看盤軟體
stock,新聞,美消費pc市場 今年零成長
stock,請益,台積電赴美出口還是進口?
stock,新聞,台股市值暴增9倍！國安基金5千億銀彈不夠
stock,新聞,港股盤後 科技股全面下挫 結束連4日漲勢
stock,新聞,新台幣匯率一路走貶，台積電跌破千元可
stock,情報,114/03/20 八大公股銀行買賣超排行
stock,新聞,川普要對中國製造船隻徵收天價港口費 美
stock,新聞,投資人評估經濟現況 美債殖利率下跌
stock,情報,美國初請失業金人數/費城聯儲製造業指數
stock,新聞,楊金龍：若漲電價cpi上修至2.04% 央行沒有
stock,情報,114年03月20日信用交易統計
stock,請益,現在期貨做空穩賺嗎?
stock,請益,請問etf的配息是怎麼算的?
stock,新聞,南韓三星罕見向外討救兵 傳找 palantir
stock,請益,為何版上很少有人鼓吹逢低買進中國股票？
stock,情報,0320 上市櫃外資投信買超金額排行
stock,新聞,昇銳電子涉進口中國製監視器改標mit販售
stock,新聞,黃仁勳成功是「運氣好」？季辛格批輝達ai
stock,新聞,偉訓拓車用、聲學商機，擬收購aip 100%股
stock,情報,0320 上市外資買賣超排行
stock,新聞,指馬英九停產idf致軍工人才出走 謝金河
stock,新聞,共同社：三菱汽車將委託鴻海生產電動車
stock,情報,央行理監事會後記者會 關注利率決策與關稅影響
stock,新聞,萬眾矚目！ 日媒曝：三菱汽車將委託鴻海
stock,新聞,快訊／利率連4凍！　央行未再推第8波房
stock,情報,20250320 中央銀行理監事聯席會議決議
stock,標的,00687b 國泰20年美債
stock,新聞,台灣為何被列入「骯髒15國」？美國這1天
stock,新聞,史上首次！美商務部長公開推薦買特斯拉股票
stock,情報,3158嘉實 113 eps 7.32/股利6/除息日公告
stock,新聞,雲豹能源四大業務添動能；成立資產管理公司
stock,情報,2323 中環 處分台積電、順達科
stock,情報,6898程曦資訊 113eps 8.48/股利 4.5+3/除息日公告
stock,請益,扣款沒有扣足
stock,情報,8359 錢櫃 113年eps 8.86 股利 6
stock,新聞,圖利光電才虧損？台電董座曾文生：雲豹
stock,新聞,美財長點名「骯髒15國」傳台灣入列 陸行
stock,請益,買賣通常如何掛盤
stock,新聞,美財長：股市良性回檔 不保證不會衰退
stock,請益,四巫日真的影響很大嗎？三月到底是哪天
stock,請益,不降息今天美債在漲啥？
stock,閒聊,2025/03/20 盤後閒聊
stock,新聞,特斯拉會計亮紅燈，14 億美元流向不明
stock,新聞,社團勸買進「狂拉5檔股票」獲利7千萬
stock,情報,0320 上市投信買賣超排行
stock,情報,114年03月20日 三大法人買賣金額統計表
stock,請益,停利停損問題
stock,新聞,半導體仍強勢 投信評估：台股q2淡季不淡
stock,請益,每天看嘉偉跟陳龍的節目我有點錯亂
stock,情報,黃仁勳：未來4年將花費數千億美元
stock,標的,09992.hk 泡泡瑪特 排隊多多~
stock,新聞,新光金今年股利怎麼發? 陳恩光：普通股待
stock,新聞,黃仁勳：輝達未來4年支出數千億美元
stock,新聞,季增3萬股民！「高息etf金絲雀」配息1.4
stock,新聞,元太、瑞昱攜手開發，電子貨架標籤升級
stock,標的,7759.tw 視航生醫 近視多多
stock,標的,長虹5534 屌打美債的物件 分享
stock,新聞,美銀:中國股市恐重演2015 將面臨「重大回
stock,心得,庫存股票是否要借券給別人 還是要看情況
stock,新聞,藉臉書社團炒股獲利7千萬 股市名人李杰判刑6年10月
stock,新聞,快訊／調查局今搜索京元電子　案情敏感北
Lifeismoney,情報,蝦皮 3m單線牙線棒 單支0.47元
Lifeismoney,情報,麥根沙士6.3/瓶
Lifeismoney,情報,pch ucc紅罐60瓶799
Lifeismoney,情報,aiwa 瞬熱淨飲機$2299
Lifeismoney,情報,dyson hd17 吹風機 24年款 $10699(史低)
Lifeismoney,情報,悠遊付領券全通路20%回饋（3/21已滿
Lifeismoney,情報,google play 遊戲夢幻怪獸限免
Lifeismoney,情報,全家app義大利麵6折優惠券
Lifeismoney,情報,新竹市：果五瑿，大湖草莓牛奶買一送一
Lifeismoney,情報,蝦皮 77巧克力醬 250g 57元免運
Lifeismoney,情報,全台捐血贈品
Lifeismoney,集中,贈送集中文
Lifeismoney,集中,未滿1元集點抽獎資訊集中文
Lifeismoney,情報,nike休閒女鞋891元
Lifeismoney,情報,全家輪盤5000點 3/19~4/1
Lifeismoney,情報,全家行動購$33折價券（100%折抵）
Lifeismoney,情報,line免費貼圖-比熊犬
Lifeismoney,情報,大苑子 會員 指定飲料優惠
Lifeismoney,情報,全聯小時達柔情衛生紙券後29
Lifeismoney,情報,nb 2002r系列$1802 / 530系列$1799
Lifeismoney,情報,p家衛生紙 1包只要$9
Lifeismoney,情報,蝦皮keds小白鞋出清 券後$681
Lifeismoney,情報,momo限時優惠券 保健/3c/免運券
Lifeismoney,情報,21世紀炸雞餐紙上的y購100折價券qrcode
Lifeismoney,情報,一卡通綠點30點
Lifeismoney,情報,line禮物青梅冰茶半價
Lifeismoney,情報,拿坡里外帶限六種口味大披薩平常日189元
Lifeismoney,情報,全家行動購免運券
Lifeismoney,情報,全家食食購 20號補貨日
Lifeismoney,情報,海斯頓herston馬卡龍買一送一
Lifeismoney,情報,麥當當line  咖啡買五送五 一杯24元
Lifeismoney,情報,拿坡里外帶大披薩平常日189元
Lifeismoney,情報,50歲以上登入ipm app送whoscall進階半年
Lifeismoney,情報,小米裝置免費領最多4個月spotify
Lifeismoney,情報,全家筍丁素肉燥特價20元
Lifeismoney,情報,蝦皮麥當勞豬肉滿福堡套餐$85
Lifeismoney,情報,花王美舒律蒸汽眼罩 限量1盒$21
Lifeismoney,情報,蝦皮 dyson  v12 sv46 蝦幣折扣後16031
Lifeismoney,情報,tea top：柳橙綠/柳橙檸檬綠買一送一
Lifeismoney,情報,line禮物新客優惠 一元買咖啡、霜淇淋等
Lifeismoney,情報,購物橘子dji 空拍機店家優惠
Lifeismoney,情報,必勝客 平日199大披薩海鮮新口味
Lifeismoney,討論,youtube premium土耳其被封
Lifeismoney,情報,3/21-3/25全家取件送紅利金
Lifeismoney,情報,欣亞：買曜越h570折1100元還送塔散
Lifeismoney,情報,漢堡王 3/18-3/20雙層小華堡買一送一
Lifeismoney,限免,小動物餐吧 (party club)
Lifeismoney,情報,mio r810d後視鏡雙鏡行車記錄器
Lifeismoney,情報,爭鮮台南高雄「這三店」買一送一
Lifeismoney,情報,whoscall 進階版一個月(等補貨)
Lifeismoney,情報,7-eleven交貨便開心卡
Lifeismoney,情報,yahoo購物 irocks t27s 77折
Lifeismoney,情報,特力屋 國際牌f-y24gx除濕機12公升 $9999
Lifeismoney,情報,pc青森shiny丸搾蘋果汁一瓶才125元
Lifeismoney,情報,中部遠傳免費領平安書包御守
Lifeismoney,情報,apple ipad pro 11吋 m4 512g（37987）
Lifeismoney,情報,329將軍免費拔紅蘿蔔/做奶凍/送樹苗
Lifeismoney,情報,麗嬰房nac nac酵素奶瓶蔬果洗潔慕斯
Lifeismoney,情報,行動購-即期伊藤園柳橙紅茶(24入)294元
Lifeismoney,情報,pchome 分眾p幣
Lifeismoney,情報,steam 與你爸爸一起洗澡 遊戲特價
Lifeismoney,情報,line調查團10點
Lifeismoney,新聞,7-11咖啡「買8送8」來了！全家周一10元多
Lifeismoney,,pc segway電動滑板車
Lifeismoney,情報,蝦皮3.18優惠整理
Lifeismoney,情報,萊購物-東泉辣椒醬19元
Lifeismoney,情報,適樂膚 保濕乳/修護霜特價
Lifeismoney,情報,line game登入7日拿line points
Lifeismoney,情報,nike air zoom structure 25 $1420
Lifeismoney,情報,momo 統一lp33益生菌300顆6888
Lifeismoney,情報,全家 03/19~03/23 限時優惠+5康康
Lifeismoney,情報,全家五樣五好康多樣商品買一送一
Lifeismoney,情報,全聯 airpods pro2 5690
Lifeismoney,情報,magy集團鞋款 特價990元
Lifeismoney,情報,goshare 騎乘金
Lifeismoney,情報,line禮物 優惠券折35元（需滿68元）
Lifeismoney,情報,台北今日喜樂50元3月15日
Lifeismoney,情報,gigastone 65w快充388
Lifeismoney,情報,台新gogo生日回饋加碼券
Lifeismoney,情報,洋蔥網通小米紅米平板 redmi pad se 8.
Lifeismoney,情報,momo 3月限定快閃購物金20元
Lifeismoney,情報,steam wallpaper engine 桌布引擎 史低
Lifeismoney,情報,雲林莿桐 高麗菜整箱免費送(已送完)
Lifeismoney,情報,京東限時折價券筆電5888-700
Lifeismoney,情報,adidas越野鞋/跑鞋/健走鞋$999
Lifeismoney,情報,hcg和成 47cm瞬熱免治馬桶 7200
Lifeismoney,情報,電腦家 好來牙膏$199+回饋20%
Lifeismoney,情報,美廉社lotte tico可可脆皮香草風味雪糕
Lifeismoney,情報,台新點1點
Lifeismoney,情報,3/18 星巴克初春綻放 嚐新品味 好友分享日
Lifeismoney,情報,明（17）日起汽、柴油價格皆不予調整
Lifeismoney,新聞,捐血送烏魚子! 彰化社頭織襪業者號召一起
Lifeismoney,情報,全家行動購 picard烤布蕾49元
Lifeismoney,情報,lp+1 minoshin
Lifeismoney,情報,3/14 星巴克甜蜜時刻 加倍溫暖 好友分享日
pc_shopping,菜單,150k 遊戲機
pc_shopping,菜單,64k 升級 9950x3d
pc_shopping,閒聊,請教華碩ax4200 & ax3000選擇
pc_shopping,菜單,80k遊戲機
pc_shopping,情報,momo 5070 70ti 5080 一批禮包釋出
pc_shopping,菜單,77k 9800x3d+5070 ti
pc_shopping,情報,帶rh2 rgb信仰扇intel core ultra 9 285
pc_shopping,閒聊,比50系綁禮包還臭的東西來了
pc_shopping,情報,撼訊 rx 9070xt 紅魔白色版登場!
pc_shopping,菜單,55k內遊戲+lr修圖機
pc_shopping,菜單,60k 內含螢幕遊戲機
pc_shopping,情報,rtx 5060ti與rtx 5060上市時間推遲
pc_shopping,菜單,35k 半套主機升級(遊戲機)
pc_shopping,菜單,110k 遊戲機
pc_shopping,心得,白色主機選購指南 3/6更新
pc_shopping,心得,《ssd選購指南》碎念之邁向八週年
pc_shopping,閒聊,轉巴哈dct消費經驗與老闆yt回應
pc_shopping,情報,隨著歐元走強，nvidia 在歐洲下調 geforc
pc_shopping,情報,nand flash 供應商漲價 ssd將漲價
pc_shopping,菜單,66k 遊戲機(含螢幕)
pc_shopping,閒聊,中國50系顯卡奉旨漲價海巡
pc_shopping,請益,9800x3d單塔可以壓的住嗎?
pc_shopping,開箱,geeek壓克力顯卡展示架簡單開箱
pc_shopping,菜單,60k遊戲機含螢幕
pc_shopping,請益,70k電腦 vs 30k ps5 pro怎麼選
pc_shopping,菜單,55k內遊戲實況機
pc_shopping,菜單,35k 白色 itx 遊戲機
pc_shopping,閒聊,消費與店家售後服務
pc_shopping,閒聊,中國 up 主用冷氣的室外機(殼)來散熱 rtx
pc_shopping,菜單,20k左右遊戲機
pc_shopping,菜單,16k文書機
pc_shopping,菜單,35k升級電腦
pc_shopping,開箱,技嘉 z890 aorus tachyon ice 主機板
pc_shopping,心得,高雄建國路大地遊戲 9070xt
pc_shopping,請益,2t 遊戲用ssd選擇
pc_shopping,閒聊,5090畢業奇遇
pc_shopping,菜單,40k 遊戲機
pc_shopping,情報,銀欣 sst-arm14b 螢幕支架 限時限量特價
pc_shopping,請益,argb散熱、風扇選擇
pc_shopping,請益,2t 遊戲用ssd選擇(flashid數據研究)
pc_shopping,菜單,60k臭臭遊戲機
pc_shopping,情報,9070xt 極缺限組裝! ssd ram 部分開漲!
pc_shopping,心得,amd顯卡 rdna2~4補幀攻略
pc_shopping,情報,asus 4k240 oled pa32ucdm 新機種
pc_shopping,菜單,30k遊戲機
pc_shopping,,35k輕遊戲機
pc_shopping,請益,hyper-v虛擬機直通顯卡選擇
pc_shopping,情報,技嘉 gs27fa 特價3188! 新機 gs25f2
pc_shopping,情報,9070xt 極缺開始搭板! 98x3d 又到貨
pc_shopping,情報,老黃 gtc 公布 2028 下一代ai晶片：費曼
pc_shopping,菜單,電腦升級 mov 1080p不lag
pc_shopping,情報,newegg pc builder 決賽選手 2025 版
pc_shopping,情報,vk（瓦爾基里）海鮮店低調開張
pc_shopping,心得,原價屋跑跑一個禮拜畢業心得
pc_shopping,情報,技嘉 5070 gaming oc 單卡pchome
pc_shopping,菜單,35k遊戲機
pc_shopping,閒聊,不買5070以上的人入手4060最賺吧?
pc_shopping,菜單,65k左右遊戲機
pc_shopping,閒聊,美亞14700k特價
pc_shopping,菜單,35k 遊戲機
pc_shopping,菜單,55k遊戲機
pc_shopping,閒聊,22k的 msi 5070 ventus 很臭嗎？
pc_shopping,開箱,鎧俠exceria plus portable外接ssd短開箱
pc_shopping,閒聊,藍寶石fb 9070xt相關
pc_shopping,菜單,20k 文書主機
pc_shopping,菜單,55k遊戲日常用機
pc_shopping,情報,華碩再次調漲美國amd、nvidia顯卡售價，g
pc_shopping,心得,ssupd xhuddle ver.魚缸模式
pc_shopping,菜單,50k內遊戲機
pc_shopping,閒聊,君主psu線材取得
pc_shopping,心得,台達電innergie t33 330w電競筆電充電器
pc_shopping,菜單,18k文書機
pc_shopping,請益,5080丐版選擇
pc_shopping,菜單,100k遊戲機
pc_shopping,菜單,45k(不含顯卡)白色遊戲機
pc_shopping,開箱,大飛哥的新裝備 df4100機殼 & dn360d水冷
pc_shopping,開箱,日本買msi 5070ti vanguard le簡單開箱
pc_shopping,情報,君主新推出 hyperflow silent 一體式水冷
pc_shopping,情報,微軟的3月份更新意外導致copilot被移除
pc_shopping,請益,atx機殼推薦(防貓踩電源)(補兇手照)
pc_shopping,閒聊,把今年運氣用盡，買到5090原價現貨
pc_shopping,菜單,升級 12600k vs 7500f
Tech_Job,新聞,奇謀！輝達靠自損電路把晶片賣到中國
Tech_Job,新聞,駐美大使：不排除最先進晶片在美國生產
Tech_Job,檢舉,tech job板主無故鎖文推噓歸0
Tech_Job,新聞,救英特爾？ 台積董事會從未討論
Tech_Job,新聞,黃仁勳：川普關稅政策不影響輝達，美國製
Tech_Job,討論,joh版主竄改推文數(推/噓)進度
Tech_Job,新聞,2024年全球前10大ic設計排名出爐 輝達穩
Tech_Job,情報,薪資查詢平台
Tech_Job,新聞,汽車市場帶來商機高盛力挺聯發科目標1780
Tech_Job,轉錄,科技業工作內容真的有需要碩士嗎
Tech_Job,新聞,黃仁勳：輝達將與電信業領導者開發6g技術
Tech_Job,心得,公司漏保勞保的後續交手過程和處理
Tech_Job,討論,台達電及電子五哥薪資比較分享
Tech_Job,請益,offer 請益
Tech_Job,新聞,輝達股價跌一成「員工不關心」　資深工程
Tech_Job,討論,請問大家上班都怎麼摸魚
Tech_Job,新聞,看好輝達技術前瞻性 蔡力行：聯發科一開
Tech_Job,新聞,「中國的asml」長春光機所徵才 符合條
Tech_Job,請益,地名資工重考一年，還要繼續嗎，詢問大家
Tech_Job,新聞,華為巨資遊說歐洲議員案 比利時起訴五嫌
Tech_Job,請益,科技業是否承認產碩?
Tech_Job,討論,版主收手吧～請停止修改舊文(檢舉連結）
Tech_Job,新聞,解密台積擴大美國投資關鍵人物：王英郎
Tech_Job,討論,老張現在的立場還是反對台積電去美國嗎？
Tech_Job,新聞,聯發科ai平台mediatek davinci「達哥」
Tech_Job,新聞,挑戰輝達！　google攜手聯發科開發ai晶片
Tech_Job,討論,美光裁員？
Tech_Job,討論,走流程的校園徵才
Tech_Job,討論,寫在後面──跳樓事件後如何挽回自身名聲
Tech_Job,新聞,2025年ai、人形機器人和無人機成為熱門商
Tech_Job,新聞,雲云曾志新7刀砍死技術長遭羈押　北院：
Tech_Job,新聞,吳誠文︰「晶片台灣隊」協助對接內需
Tech_Job,新聞,美中科技戰！tiktok料4／5前出售　openai
Tech_Job,請益,台灣三星電子pmic design
Tech_Job,新聞,ic大廠副總妻當小三!網紅酸她:高端玩家
Tech_Job,討論,台達清大生跳樓滿月了，沒有調查結果嗎
Tech_Job,討論,幫台達電洗地帶風向的帳號
Tech_Job,請益,豬屎屋ㄧ定優於台商系統廠嗎？
Tech_Job,新聞,cnn：川普勒索台積電近3.3兆「保護費」
Tech_Job,討論,現在是不能發台達電的文章嗎？
Tech_Job,新聞,川普再提台積電政績 稱魏哲家「最受敬重
Tech_Job,新聞,擅自為台積電加碼？ 川普稱台積電擬投資
Tech_Job,新聞,獨／還有內幕？雲云董座留紙條驚悚吞刀
Tech_Job,新聞,risc-v陣營的振奮時刻！meta可能是採用ris
Tech_Job,新聞,藍委籲增假減工時 勞動部：很多勞工希望
Tech_Job,情報,worldquant 2025 全球量化金融競賽
Tech_Job,新聞,陳立武睽違7個月重返英特爾　去年閃辭3大
Tech_Job,問卷,工作行為問卷(填完兩階段得100元7-11禮卷
Tech_Job,新聞,「川普上任後唯一成就搶走台積電」  工程
Tech_Job,請益,奇美實業/專利工程師考試科目請益
Tech_Job,新聞,陳立武接英特爾，對台積好還壞？
Tech_Job,轉錄,美國人工程師半夜會回廠修機器嗎?
Tech_Job,新聞,因應川普關稅戰，和碩宣布赴美設廠估今年
Tech_Job,,工會控訴印尼廠工安 和碩：未違法、將找第三方稽
Tech_Job,新聞,華為涉賄15名歐議會議員 比利時出動逾百
Tech_Job,徵才,智邦科技 誠徵 hw eng/tpl/tpm (交換器)
Tech_Job,新聞,中共國企挖角 台2筆電研發主管被起訴
Tech_Job,徵才,rivos 誠徵資深 fae
Tech_Job,心得,加薪升遷經驗分享講座
Tech_Job,新聞,鴻海法說會／將在一兩個月內與日本車廠
Tech_Job,新聞,前執行長：別再想拆分英特爾，該用政府與
Tech_Job,新聞,詐保內鬼2/每月都骨折!台積電工程師
Tech_Job,請益,美律請益
Tech_Job,新聞,科技大廠都來了！2025陽明交大校園就業
Tech_Job,新聞,曾去雲云科技面試！他揭「董事長、技術長
Tech_Job,問卦,南韓業界想鬆綁半導體工時限制 1周52小時
Tech_Job,新聞,黃仁勳5月19日來台！貿協證實：將現身北
Tech_Job,請益,offer請益 泰宣與聯華氣體
Tech_Job,新聞,meta為進軍中國 配合言論審查
